-- MySQL dump 10.13  Distrib 5.7.17, for Win64 (x86_64)
--
-- Host: localhost    Database: quanlysinhvien
-- ------------------------------------------------------
-- Server version	5.7.21-log

/*!40101 SET @OLD_CHARACTER_SET_CLIENT=@@CHARACTER_SET_CLIENT */;
/*!40101 SET @OLD_CHARACTER_SET_RESULTS=@@CHARACTER_SET_RESULTS */;
/*!40101 SET @OLD_COLLATION_CONNECTION=@@COLLATION_CONNECTION */;
/*!40101 SET NAMES utf8 */;
/*!40103 SET @OLD_TIME_ZONE=@@TIME_ZONE */;
/*!40103 SET TIME_ZONE='+00:00' */;
/*!40014 SET @OLD_UNIQUE_CHECKS=@@UNIQUE_CHECKS, UNIQUE_CHECKS=0 */;
/*!40014 SET @OLD_FOREIGN_KEY_CHECKS=@@FOREIGN_KEY_CHECKS, FOREIGN_KEY_CHECKS=0 */;
/*!40101 SET @OLD_SQL_MODE=@@SQL_MODE, SQL_MODE='NO_AUTO_VALUE_ON_ZERO' */;
/*!40111 SET @OLD_SQL_NOTES=@@SQL_NOTES, SQL_NOTES=0 */;

--
-- Table structure for table `diemdanh`
--

DROP TABLE IF EXISTS `diemdanh`;
/*!40101 SET @saved_cs_client     = @@character_set_client */;
/*!40101 SET character_set_client = utf8 */;
CREATE TABLE `diemdanh` (
  `MaMH` varchar(10) COLLATE utf8_unicode_ci NOT NULL,
  `MaSV` varchar(10) COLLATE utf8_unicode_ci NOT NULL,
  `Tuan1` tinyint(1) DEFAULT NULL,
  `Tuan2` tinyint(1) DEFAULT NULL,
  `Tuan3` tinyint(1) DEFAULT NULL,
  `Tuan4` tinyint(1) DEFAULT NULL,
  `Tuan5` tinyint(1) DEFAULT NULL,
  `Tuan6` tinyint(1) DEFAULT NULL,
  `Tuan7` tinyint(1) DEFAULT NULL,
  `Tuan8` tinyint(1) DEFAULT NULL,
  `Tuan9` tinyint(1) DEFAULT NULL,
  `Tuan10` tinyint(1) DEFAULT NULL,
  `Tuan11` tinyint(1) DEFAULT NULL,
  `Tuan12` tinyint(1) DEFAULT NULL,
  `Tuan13` tinyint(1) DEFAULT NULL,
  `Tuan14` tinyint(1) DEFAULT NULL,
  `Tuan15` tinyint(1) DEFAULT NULL,
  PRIMARY KEY (`MaMH`,`MaSV`)
) ENGINE=InnoDB DEFAULT CHARSET=utf8 COLLATE=utf8_unicode_ci;
/*!40101 SET character_set_client = @saved_cs_client */;

--
-- Dumping data for table `diemdanh`
--

LOCK TABLES `diemdanh` WRITE;
/*!40000 ALTER TABLE `diemdanh` DISABLE KEYS */;
INSERT INTO `diemdanh` VALUES ('HDH','1512089',NULL,NULL,NULL,NULL,NULL,NULL,NULL,NULL,NULL,NULL,NULL,NULL,NULL,NULL,NULL),('HDH','1512124',NULL,NULL,NULL,NULL,NULL,NULL,NULL,NULL,NULL,NULL,NULL,NULL,NULL,NULL,NULL),('JAVA','1512089',NULL,NULL,NULL,1,NULL,NULL,NULL,NULL,NULL,NULL,NULL,NULL,NULL,NULL,NULL),('JAVA','1512124',NULL,NULL,NULL,1,NULL,NULL,NULL,NULL,NULL,NULL,NULL,NULL,NULL,NULL,NULL),('JAVA','1512388',NULL,NULL,NULL,1,NULL,NULL,NULL,NULL,NULL,NULL,NULL,NULL,NULL,NULL,NULL),('JAVA','1512397',NULL,NULL,NULL,NULL,NULL,NULL,NULL,NULL,NULL,NULL,NULL,NULL,NULL,NULL,NULL),('JAVA','1512400',NULL,NULL,NULL,NULL,NULL,NULL,NULL,NULL,NULL,NULL,NULL,NULL,NULL,NULL,NULL),('LTW','1512026',NULL,NULL,NULL,NULL,NULL,NULL,NULL,NULL,NULL,NULL,NULL,NULL,NULL,NULL,NULL),('LTW','1512089',NULL,1,NULL,1,NULL,NULL,0,NULL,NULL,0,NULL,NULL,NULL,NULL,NULL),('LTW','1512123',NULL,NULL,NULL,NULL,1,NULL,NULL,NULL,1,NULL,NULL,NULL,NULL,NULL,NULL),('LTW','1512124',NULL,NULL,NULL,NULL,NULL,NULL,NULL,NULL,NULL,NULL,NULL,NULL,NULL,NULL,NULL),('LTW','1512388',NULL,NULL,NULL,NULL,1,1,NULL,NULL,NULL,NULL,NULL,NULL,NULL,NULL,NULL),('LTW','1512397',NULL,1,NULL,1,NULL,NULL,NULL,NULL,NULL,NULL,NULL,NULL,NULL,NULL,1),('LTW','1512400',NULL,NULL,NULL,NULL,NULL,NULL,NULL,NULL,NULL,NULL,NULL,NULL,NULL,NULL,NULL),('PPLTHDT','1512026',1,NULL,NULL,NULL,NULL,NULL,NULL,NULL,NULL,NULL,NULL,NULL,NULL,NULL,NULL),('PPLTHDT','1512089',NULL,NULL,NULL,1,NULL,NULL,NULL,1,NULL,NULL,NULL,NULL,NULL,NULL,NULL),('PPLTHDT','1512123',NULL,NULL,1,NULL,NULL,NULL,NULL,NULL,NULL,NULL,NULL,NULL,NULL,NULL,NULL),('PPLTHDT','1512124',NULL,NULL,NULL,NULL,1,NULL,NULL,1,NULL,NULL,1,NULL,NULL,NULL,NULL),('PPLTHDT','1512397',NULL,NULL,NULL,NULL,NULL,1,NULL,NULL,NULL,1,NULL,NULL,NULL,NULL,NULL),('PPLTHDT','1512400',NULL,NULL,NULL,1,NULL,NULL,NULL,NULL,NULL,NULL,NULL,NULL,NULL,NULL,NULL),('PPLTHDT','1512789',NULL,NULL,1,NULL,NULL,NULL,1,NULL,1,NULL,NULL,NULL,NULL,NULL,NULL),('WEB','1512089',NULL,NULL,NULL,NULL,NULL,NULL,NULL,NULL,NULL,NULL,NULL,NULL,NULL,NULL,NULL),('WEB','1512123',NULL,NULL,NULL,NULL,NULL,NULL,NULL,NULL,NULL,NULL,NULL,NULL,NULL,NULL,NULL),('WEB','1512124',NULL,NULL,NULL,NULL,NULL,NULL,NULL,NULL,NULL,NULL,NULL,NULL,NULL,NULL,NULL),('WEB','1512388',NULL,NULL,NULL,NULL,NULL,NULL,NULL,NULL,NULL,NULL,NULL,NULL,NULL,NULL,NULL),('WEB','1512397',NULL,1,NULL,NULL,NULL,NULL,NULL,NULL,NULL,NULL,NULL,NULL,NULL,NULL,NULL);
/*!40000 ALTER TABLE `diemdanh` ENABLE KEYS */;
UNLOCK TABLES;

--
-- Table structure for table `monhoc`
--

DROP TABLE IF EXISTS `monhoc`;
/*!40101 SET @saved_cs_client     = @@character_set_client */;
/*!40101 SET character_set_client = utf8 */;
CREATE TABLE `monhoc` (
  `MaMH` varchar(10) COLLATE utf8_unicode_ci NOT NULL,
  `TenMH` varchar(50) CHARACTER SET utf8 NOT NULL,
  `PhongHoc` varchar(10) CHARACTER SET utf8 NOT NULL,
  `Thu` varchar(10) CHARACTER SET utf8 NOT NULL,
  `NgayBD` date NOT NULL,
  `GioBD` time NOT NULL,
  `GioKT` time NOT NULL,
  PRIMARY KEY (`MaMH`)
) ENGINE=InnoDB DEFAULT CHARSET=utf8 COLLATE=utf8_unicode_ci;
/*!40101 SET character_set_client = @saved_cs_client */;

--
-- Dumping data for table `monhoc`
--

LOCK TABLES `monhoc` WRITE;
/*!40000 ALTER TABLE `monhoc` DISABLE KEYS */;
INSERT INTO `monhoc` VALUES ('ANDR','Lap trinh ung dung Android','E203','Thu 2','2018-04-04','23:12:00','02:00:00'),('HDH','He dieu hanh','F303','Thu 3','2018-04-11','07:00:00','09:00:00'),('JAVA','Lap trinh ung dung Java','E404','Thu 4','2018-04-03','12:30:00','15:10:00'),('LTW','Lap trinh Window','HH3','Thu 6','2018-04-01','15:20:00','17:00:00'),('PPLTHDT','Phuong phap lap trinh huong doi tuong','C32','Thu 2','2018-04-18','12:00:00','15:10:00'),('WEB','Lap trinh ung dung Web','A201','Thu 2','2018-04-11','16:00:00','20:00:00');
/*!40000 ALTER TABLE `monhoc` ENABLE KEYS */;
UNLOCK TABLES;

--
-- Table structure for table `sinhvien`
--

DROP TABLE IF EXISTS `sinhvien`;
/*!40101 SET @saved_cs_client     = @@character_set_client */;
/*!40101 SET character_set_client = utf8 */;
CREATE TABLE `sinhvien` (
  `MaSV` varchar(10) COLLATE utf8_unicode_ci NOT NULL,
  `TenSV` varchar(50) CHARACTER SET utf8 NOT NULL,
  PRIMARY KEY (`MaSV`)
) ENGINE=InnoDB DEFAULT CHARSET=utf8 COLLATE=utf8_unicode_ci;
/*!40101 SET character_set_client = @saved_cs_client */;

--
-- Dumping data for table `sinhvien`
--

LOCK TABLES `sinhvien` WRITE;
/*!40000 ALTER TABLE `sinhvien` DISABLE KEYS */;
INSERT INTO `sinhvien` VALUES ('1512026','Luong Thai Bao'),('1512089','Nguyen Van Dang'),('1512123','Tran Van Minh'),('1512124','Tran Van Minh'),('1512388','Nguyen Ngoc Linh'),('1512397','Ngo Thanh Phi'),('1512400','Nguyen Huu Phong'),('1512789','bndffkjg');
/*!40000 ALTER TABLE `sinhvien` ENABLE KEYS */;
UNLOCK TABLES;

--
-- Table structure for table `taikhoan`
--

DROP TABLE IF EXISTS `taikhoan`;
/*!40101 SET @saved_cs_client     = @@character_set_client */;
/*!40101 SET character_set_client = utf8 */;
CREATE TABLE `taikhoan` (
  `TaiKhoan` varchar(10) COLLATE utf8_unicode_ci NOT NULL,
  `MatKhau` varchar(50) COLLATE utf8_unicode_ci DEFAULT NULL,
  `VaiTro` tinyint(1) NOT NULL,
  PRIMARY KEY (`TaiKhoan`)
) ENGINE=InnoDB DEFAULT CHARSET=utf8 COLLATE=utf8_unicode_ci;
/*!40101 SET character_set_client = @saved_cs_client */;

--
-- Dumping data for table `taikhoan`
--

LOCK TABLES `taikhoan` WRITE;
/*!40000 ALTER TABLE `taikhoan` DISABLE KEYS */;
INSERT INTO `taikhoan` VALUES ('1512026','123',0),('1512089',NULL,0),('1512123',NULL,0),('1512124',NULL,0),('1512334',NULL,0),('1512388',NULL,0),('1512397','123456',0),('1512400','123456',0),('1512789',NULL,0),('giaovu','giaovu',1);
/*!40000 ALTER TABLE `taikhoan` ENABLE KEYS */;
UNLOCK TABLES;
/*!40103 SET TIME_ZONE=@OLD_TIME_ZONE */;

/*!40101 SET SQL_MODE=@OLD_SQL_MODE */;
/*!40014 SET FOREIGN_KEY_CHECKS=@OLD_FOREIGN_KEY_CHECKS */;
/*!40014 SET UNIQUE_CHECKS=@OLD_UNIQUE_CHECKS */;
/*!40101 SET CHARACTER_SET_CLIENT=@OLD_CHARACTER_SET_CLIENT */;
/*!40101 SET CHARACTER_SET_RESULTS=@OLD_CHARACTER_SET_RESULTS */;
/*!40101 SET COLLATION_CONNECTION=@OLD_COLLATION_CONNECTION */;
/*!40111 SET SQL_NOTES=@OLD_SQL_NOTES */;

-- Dump completed on 2018-04-17 21:31:05
